epoch,val_acc,val_loss,step
0,0.9178000092506409,0.28940027952194214,859
1,0.932200014591217,0.22360700368881226,1719
2,0.942799985408783,0.1877574622631073,2579
